Label,CitationID,n_dropped,median_mahalanobis
Adakite,10558,17,117.97766524280254
Adakite,10965,6,137.45990561651877
Adakite,11115,5,122.68072761384775
Adakite,12084,29,94.55380310085708
Adakite,14501,2,171.88533657144606
Adakite,15010,13,59.14216308832002
Adakite,15050,13,56.87251930973101
Adakite,18473,19,56.41528427275179
Adakite,19488,18,143.91218198963733
Adakite,23304,4,239.56053803364887
Adakite,3521,14,263.8503937589583
Adakite,3941,2,69.69023512101188
Adakite,4096,4,75.22577314275775
Adakite,4687,15,53.83079867945697
Adakite,5372,6,100.55530078783482
Adakite,6954,4,57.74769448702766
Adakite,7189,1,60.673214157449564
Adakite,7993,9,197.6388258133178
Adakite,9146,33,166.5244116921761
Adakite,9839,2,112.28274079022684
Andesite,10041,3,85.07749903040599
Andesite,10063,1,83.48560179613685
Andesite,10098,1,54.93685224051472
Andesite,10193,51,59.95386417425861
Andesite,10224,2,122.28167345650476
Andesite,10252,3,76.2019313626362
Andesite,10275,24,56.30880080489321
Andesite,10351,2,98.71273495861882
Andesite,10496,2,57.3482402744409
Andesite,10698,7,79.37302972409064
Andesite,10761,5,54.923929730414564
Andesite,10791,16,64.07686576374971
Andesite,10794,4,53.637561275562575
Andesite,10822,2,80.48580094937026
Andesite,10982,3,92.39311710281443
Andesite,10990,2,133.59728792380463
Andesite,11010,1,82.6636714428624
Andesite,11021,3,67.14868724166453
Andesite,11043,1,80.9608456498468
Andesite,11103,7,76.20372093682585
Andesite,11105,2,79.67746153053623
Andesite,11114,2,63.07048491515813
Andesite,11170,13,62.54803114417592
Andesite,11185,2,79.25791718299509
Andesite,11199,2,63.551031743914926
Andesite,11228,6,112.77983163894129
Andesite,11335,11,75.00453190608098
Andesite,11378,2,53.44295594064455
Andesite,11451,3,82.4251329387882
Andesite,11502,1,55.62191095707519
Andesite,11525,1,60.377371858663025
Andesite,11590,1,67.63605444657799
Andesite,11716,4,57.74461515376461
Andesite,11718,4,99.7543441834774
Andesite,11845,1,65.23860530939962
Andesite,11931,4,62.419631649337646
Andesite,12088,8,63.31936373047353
Andesite,12507,9,82.09522964802285
Andesite,12545,1,61.139098930232294
Andesite,12586,4,72.23319123417302
Andesite,12618,33,97.65522288191417
Andesite,12807,3,62.117397242868705
Andesite,12828,2,58.65934327830223
Andesite,12903,10,61.13633428190198
Andesite,12925,3,56.42997951250595
Andesite,13057,1,53.391586845009996
Andesite,13064,2,89.0511158731532
Andesite,13141,1,66.65543830942013
Andesite,13221,1,60.51129789609158
Andesite,13302,3,55.658827499601955
Andesite,13468,15,71.88454849312598
Andesite,13538,6,80.63078735629338
Andesite,13539,12,57.67000772595782
Andesite,13693,1,73.32881205403207
Andesite,13743,2,52.947973283449286
Andesite,13766,11,76.70501991099133
Andesite,13820,45,104.5941592482251
Andesite,13883,4,52.97614601027698
Andesite,13978,1,66.7308876285698
Andesite,14078,2,82.79388741031676
Andesite,14236,1,74.34471412821978
Andesite,14420,4,90.03847538136358
Andesite,14714,1,101.03445670454717
Andesite,14822,5,51.67428992838415
Andesite,14981,1,55.5123251894688
Andesite,14982,2,117.75969651524167
Andesite,15014,5,52.524591235901724
Andesite,15179,1,96.27321384472891
Andesite,15223,4,116.73717590212948
Andesite,15227,7,55.473367141822415
Andesite,15307,12,63.639328643919185
Andesite,15414,1,54.311682753751015
Andesite,15415,1,91.05332951400487
Andesite,15463,2,56.57237437999065
Andesite,15579,10,62.38072079149212
Andesite,15683,3,65.36170336134485
Andesite,15899,2,52.64170079500633
Andesite,16026,15,55.88481962575449
Andesite,16032,3,56.18220146552353
Andesite,16195,3,55.331726788577434
Andesite,16400,1,52.22676580333407
Andesite,16403,1,51.44168926238352
Andesite,16467,2,75.92174920655012
Andesite,16896,1,142.2079050309421
Andesite,16943,1,53.72878476527824
Andesite,17010,12,64.7482530719424
Andesite,1770,8,97.26314680138492
Andesite,17879,37,78.72695201175755
Andesite,18103,2,51.651335022190054
Andesite,18292,15,79.40870003703792
Andesite,18300,5,66.01121677614604
Andesite,18505,3,69.8105377072937
Andesite,18600,3,56.29998844170034
Andesite,18697,2,67.29175054181158
Andesite,18824,2,54.24656007463548
Andesite,18927,17,72.10919065955297
Andesite,19017,1,55.51448870124625
Andesite,19046,1,52.63775838145294
Andesite,19068,1,66.18995384190545
Andesite,19244,5,66.12741768955976
Andesite,19259,17,143.6799259229192
Andesite,19589,1,64.14972022412476
Andesite,19746,1,51.07621230552631
Andesite,20087,2,119.18581871677807
Andesite,20127,2,53.809376620646304
Andesite,20392,1,199.45851926318613
Andesite,20521,50,51.565133168391476
Andesite,20672,1,56.14982012175726
Andesite,2087,15,66.70257238725482
Andesite,20884,16,140.40387959121506
Andesite,20930,1,53.548464842939026
Andesite,20993,18,51.52291180559489
Andesite,21977,1,116.83214125952941
Andesite,22096,63,52.17638736863749
Andesite,2211,1,52.675912402056625
Andesite,22318,9,68.43013164259018
Andesite,2247,4,69.10334311712106
Andesite,2249,5,66.65194972776753
Andesite,22589,12,51.91699346397963
Andesite,23148,3,66.4380530917373
Andesite,23248,4,52.664955730684824
Andesite,23304,4,56.77064132946231
Andesite,23458,2,59.527066669611
Andesite,23880,6,125.44873390043585
Andesite,23950,5,71.39753061714411
Andesite,24351,6,67.24572840965453
Andesite,24428,10,62.531304746931525
Andesite,2480,1,146.8089925131242
Andesite,24879,6,70.35909867857426
Andesite,24953,18,570.2701639933218
Andesite,2499,2,82.72293104667817
Andesite,25034,7,106.60328498539172
Andesite,2537,7,54.13822349569349
Andesite,25510,5,66.27412822362106
Andesite,2561,1,72.96357255385244
Andesite,25701,72,96.38963282674457
Andesite,25712,9,65.55324205712577
Andesite,26107,7,73.53949495046963
Andesite,2613,5,54.260309350514596
Andesite,2635,1,53.67167791934488
Andesite,26579,2,72.01978853490881
Andesite,2667,1,54.7128389497622
Andesite,26788,5,110.40103802306272
Andesite,26908,5,114.29139222768872
Andesite,27196,6,59.910790803533445
Andesite,27230,1,66.00664028569417
Andesite,27342,2,57.416710769696934
Andesite,2813,1,75.98531289403148
Andesite,2843,3,102.19536578790243
Andesite,28668,17,340.8948131123214
Andesite,2871,5,62.27083457048738
Andesite,28869,5,57.24353673169034
Andesite,29076,3,70.30347275281962
Andesite,3042,1,60.082200026098704
Andesite,3054,4,97.54751442610194
Andesite,3075,4,91.31228099323982
Andesite,3090,3,64.2047470318606
Andesite,3118,4,64.91296559048043
Andesite,3122,18,119.04065643629818
Andesite,3192,12,118.34987274800858
Andesite,3210,19,78.4294748636772
Andesite,3212,12,75.72847478149595
Andesite,3242,10,59.50830681636901
Andesite,3268,12,51.88261242483009
Andesite,3272,8,69.88979036973927
Andesite,3291,48,92.18987744105745
Andesite,3340,2,66.72085886571969
Andesite,3576,17,60.00513603128765
Andesite,3615,15,53.14146363782658
Andesite,3617,1,62.48882415694489
Andesite,3619,2,62.47033238812517
Andesite,3627,4,58.33877386582294
Andesite,3633,1,88.31800321754622
Andesite,3637,1,59.30791053448795
Andesite,3699,3,55.52633758871231
Andesite,3716,5,81.06015655626463
Andesite,3731,3,67.0783311986907
Andesite,3732,3,62.04852585961537
Andesite,3796,3,69.50073794856097
Andesite,3802,16,63.877501344642276
Andesite,3804,10,84.57487365150425
Andesite,3808,13,59.95008014420631
Andesite,3839,6,56.811768248774754
Andesite,3877,2,65.80600494103057
Andesite,3962,8,71.69527479079376
Andesite,3993,4,80.19968003905635
Andesite,4053,2,106.98428503479799
Andesite,4151,8,92.66761914510599
Andesite,4223,3,60.43309175626934
Andesite,4245,4,137.57306587047435
Andesite,4400,1,145.086685298384
Andesite,4437,2,73.88199609468002
Andesite,4463,5,79.01431845731109
Andesite,4469,2,55.04694289546889
Andesite,4495,17,73.19027415114499
Andesite,4498,5,71.48995835681943
Andesite,4723,31,76.82968378938796
Andesite,4760,4,59.069284489124385
Andesite,4863,5,112.04425166646688
Andesite,5149,7,90.36852684900875
Andesite,5183,1,67.05199775030455
Andesite,5189,11,58.53932428585662
Andesite,5201,3,112.08015839560156
Andesite,5202,3,111.15779661058822
Andesite,5227,1,98.45693325774057
Andesite,5278,1,127.62260751584888
Andesite,5389,2,71.48026877122281
Andesite,5417,8,108.06045295823196
Andesite,5452,6,52.71506928203324
Andesite,5506,1,66.12922570061959
Andesite,5565,4,127.51718768975377
Andesite,5656,5,58.915348063041925
Andesite,5660,1,82.31350950054421
Andesite,5709,3,90.33635389246189
Andesite,5711,2,53.53091659936794
Andesite,5738,3,72.80586710074331
Andesite,5760,7,69.11782753578404
Andesite,5786,5,65.55601496497948
Andesite,5820,8,58.308211641642
Andesite,5847,7,78.52846033521456
Andesite,5848,6,67.93267925425619
Andesite,5851,6,66.20660035364733
Andesite,6048,6,63.84490455131525
Andesite,6224,1,102.88038596617226
Andesite,6261,5,54.198374068179064
Andesite,6292,2,114.55855282630677
Andesite,6306,1,53.70095098769755
Andesite,6420,19,53.814444759783186
Andesite,6433,1,63.21542715314754
Andesite,6434,6,87.81235758948534
Andesite,6455,1,68.42730936256814
Andesite,6460,1,89.91254513802868
Andesite,6490,2,55.316725302049726
Andesite,6509,4,55.48946205731147
Andesite,6555,12,62.80320854545937
Andesite,6577,7,58.15211367066875
Andesite,6627,12,64.78101664954751
Andesite,6639,1,74.26561925936224
Andesite,6673,8,59.471678108767605
Andesite,6759,3,107.1867120929049
Andesite,6813,1,55.529899041543494
Andesite,6882,5,67.14787494229992
Andesite,6884,4,69.11881407508227
Andesite,6973,3,58.356013907484076
Andesite,7024,6,79.61994846843668
Andesite,7067,8,53.94105330456924
Andesite,7163,3,160.40281994765996
Andesite,7164,7,62.7789575071499
Andesite,7233,1,56.48528734472059
Andesite,7294,3,64.18218684575925
Andesite,7370,8,65.81418847995761
Andesite,7416,3,71.52840125737993
Andesite,7481,1,100.57166835715967
Andesite,7496,2,51.799718531589704
Andesite,7576,10,85.10193919645101
Andesite,7604,1,66.55916759407945
Andesite,7769,1,71.77697751309304
Andesite,7826,3,51.375708468094004
Andesite,8072,6,51.06440726712546
Andesite,8386,5,70.18274756266092
Andesite,8464,1,93.67485775007704
Andesite,8603,2,66.6131358922527
Andesite,8700,13,57.83981825519504
Andesite,8706,47,55.65762799258755
Andesite,8721,4,56.71279461886371
Andesite,8790,8,63.470736201426234
Andesite,8792,88,55.02872500738156
Andesite,8811,1,62.3129599523352
Andesite,8823,1,75.72386512605281
Andesite,8959,12,84.61658250822529
Andesite,8983,5,61.17286359705128
Andesite,9009,2,53.3469817715543
Andesite,9010,3,52.60800535263238
Andesite,9063,3,53.21332394997034
Andesite,9090,3,166.15790949377134
Andesite,9214,4,64.71336459710977
Andesite,9218,5,76.65227006486231
Andesite,9261,1,66.68817758811899
Andesite,9277,6,54.87969073072073
Andesite,9290,12,55.2508824748374
Andesite,9319,1,133.67918634206637
Andesite,9350,1,84.38309539123661
Andesite,9352,12,74.61541855015827
Andesite,9390,6,101.88146755855175
Andesite,9440,3,105.56618448825793
Andesite,9484,2,52.59718848363222
Andesite,9510,2,134.8015694248589
Andesite,9556,1,66.34659423512359
Andesite,9681,32,72.79010447388616
Andesite,9703,21,51.32014286612689
Andesite,9710,6,61.18037080492982
Andesite,9773,6,64.98676967533429
Andesite,9774,9,57.432954914890054
Andesite,9822,3,84.70269832301116
Andesite,9895,6,55.34831522922317
Andesite,9922,2,67.38469238072386
Ankaramite,11456,1,105.69174362572073
Ankaramite,13759,3,65.44063264164973
Ankaramite,14273,1,98.82036354931775
Ankaramite,1770,6,222.20420982658953
Ankaramite,1822,7,160.68508353301777
Ankaramite,18850,1,65.52798922387363
Ankaramite,19759,1,54.185841335535805
Ankaramite,3286,4,99.65388426158734
Ankaramite,3452,3,141.56696603157087
Ankaramite,3500,1,97.0846169061651
Ankaramite,3732,2,81.72032659053653
Ankaramite,6171,1,83.34497192719371
Ankaramite,7491,1,76.13968513503605
Ankaramite,7521,2,137.08767417306208
Ankaramite,8027,4,72.97892210662238
Ankaramite,8472,2,111.18928590073844
Ankaramite,9555,3,290.82493351220637
Basalt,10029,20,122.9022404095254
Basalt,10041,11,84.20739060280262
Basalt,10043,1,62.361603579319
Basalt,10193,40,54.9340537462778
Basalt,10252,3,77.67932687082093
Basalt,10275,2,53.12881395671654
Basalt,10277,2,88.864925220895
Basalt,10303,9,118.66081909206713
Basalt,10351,3,93.94595501510773
Basalt,10363,8,63.59264518453587
Basalt,10373,3,79.13223098346538
Basalt,10391,1,154.61903986081649
Basalt,10449,5,100.01299986809776
Basalt,10470,8,61.70021754584383
Basalt,10488,12,65.35018099882544
Basalt,10496,8,84.29486824896958
Basalt,10569,1,58.057225297847566
Basalt,10574,1,54.132768884948824
Basalt,10688,7,63.27717354121221
Basalt,10698,7,98.1172971503017
Basalt,10761,6,53.94649104321657
Basalt,10770,2,56.101717155426996
Basalt,10794,7,56.109403628177304
Basalt,10819,10,53.888258720561325
Basalt,10827,41,100.90859724378835
Basalt,10907,9,71.50264705640542
Basalt,10968,2,160.6906057095357
Basalt,10990,10,135.48836925422648
Basalt,11021,2,53.13159530114655
Basalt,11064,10,105.32181055216697
Basalt,11076,10,79.08926408605004
Basalt,11105,5,61.981750438942136
Basalt,11115,4,76.54453633825933
Basalt,11188,4,125.21598746513584
Basalt,11190,14,66.21924880359893
Basalt,11335,1,72.61242812397604
Basalt,11470,30,67.10314637029475
Basalt,11484,4,56.903686018413005
Basalt,11497,21,51.96913352411366
Basalt,11502,3,53.11485897987314
Basalt,11512,3,120.83876311007134
Basalt,11526,3,67.0620773313113
Basalt,11716,31,63.58940524050306
Basalt,11927,2,80.47352890533679
Basalt,12088,3,55.19149709006449
Basalt,12261,7,55.325573127327736
Basalt,12479,4,114.95924833730413
Basalt,12507,2,89.11699460163697
Basalt,12586,6,64.30996793512507
Basalt,12698,2,55.74296169813071
Basalt,12797,2,72.92115800345428
Basalt,12816,7,125.6085889045429
Basalt,12860,1,102.11715410316548
Basalt,12888,1,108.49304309480121
Basalt,12903,5,61.49151866693917
Basalt,12933,3,76.34842514802116
Basalt,12975,27,54.99239572270732
Basalt,13007,1,52.45282455600844
Basalt,13018,15,53.88276516737175
Basalt,13043,8,102.65318601386755
Basalt,13064,6,56.66555728812962
Basalt,13093,5,81.47394056973356
Basalt,13141,11,77.44482206961099
Basalt,13153,1,52.506679141430084
Basalt,13215,4,69.66875834466776
Basalt,13302,2,77.42880606906847
Basalt,13332,2,99.07997438163136
Basalt,13342,5,88.77982016176448
Basalt,13468,2,72.35691249764487
Basalt,13496,1,58.8775128885977
Basalt,13527,81,54.72483146779499
Basalt,13539,4,53.70477800021594
Basalt,13577,1,61.814250334995755
Basalt,13590,194,82.13337990526716
Basalt,13596,11,75.08549216736785
Basalt,13618,14,74.34737437320723
Basalt,13820,75,106.57426452660336
Basalt,13870,6,87.45397490523737
Basalt,13883,5,53.88222493864689
Basalt,13978,1,83.5790101038133
Basalt,13980,6,71.55938115659464
Basalt,14123,3,54.803000911281174
Basalt,14298,3,80.3788311454334
Basalt,14390,9,76.11440273493679
Basalt,14396,30,74.00364155358741
Basalt,14590,3,54.354968407003156
Basalt,14626,8,71.53560777069677
Basalt,14685,1,82.386652702792
Basalt,14706,2,139.53021896849157
Basalt,14714,2,72.50814683694415
Basalt,14797,6,83.58103463768501
Basalt,14880,6,109.31704307587027
Basalt,14964,1,130.39130993108648
Basalt,15009,23,72.73761373828533
Basalt,15069,9,85.36968664303481
Basalt,15080,10,101.6195815739124
Basalt,15131,3,68.87166623668737
Basalt,15188,61,81.39656890255051
Basalt,15220,2,68.33336819686733
Basalt,15223,7,108.586134965976
Basalt,15224,5,89.34638755668024
Basalt,15281,2,93.68696720584842
Basalt,15318,1,67.08132247447377
Basalt,15351,15,68.79970308434247
Basalt,15413,2,102.02642035902961
Basalt,15414,13,68.01352096893439
Basalt,15416,8,85.50320743977642
Basalt,15421,10,88.22754418149752
Basalt,15423,7,95.6285790973131
Basalt,15579,7,63.509075581047924
Basalt,15863,13,55.83629615190114
Basalt,15897,4,59.71170833413743
Basalt,15917,3,118.34370154172348
Basalt,16032,9,58.81333101992696
Basalt,16195,9,59.64077482903147
Basalt,16226,56,97.65906678736184
Basalt,16300,16,58.919463965679526
Basalt,16330,1,68.67071918731067
Basalt,16403,1,62.151302723244385
Basalt,16467,3,67.31438616370525
Basalt,16566,2,55.688673061798276
Basalt,1669,8,84.84415096752004
Basalt,1679,1,57.29678198458108
Basalt,16806,12,58.13372059946104
Basalt,16847,43,60.61282357975783
Basalt,16962,5,51.819172344925654
Basalt,17010,5,65.88176277676365
Basalt,17129,35,78.94688677879174
Basalt,17163,6,69.89199726132861
Basalt,17192,15,96.30882495284817
Basalt,17193,6,86.95438281857392
Basalt,17274,3,59.14494415017439
Basalt,17410,3,52.87403470888948
Basalt,17502,43,75.40903967871643
Basalt,17629,9,80.49361752794434
Basalt,1770,8,95.81694439752428
Basalt,17809,5,55.472984279083974
Basalt,17874,27,67.34379838551644
Basalt,18059,5,105.29533065231374
Basalt,18292,4,80.43660491261866
Basalt,1833,16,62.221264116479276
Basalt,18412,2,80.95705618521706
Basalt,18505,8,76.16517688904726
Basalt,1856,2,127.50797308069372
Basalt,18604,20,80.87681653331552
Basalt,18635,15,84.34047357865397
Basalt,18697,2,68.38696540485674
Basalt,18792,11,63.18809024377565
Basalt,18814,1,82.23206967443032
Basalt,19017,6,53.05451321105525
Basalt,19065,3,195.7421813350159
Basalt,19068,1,71.72689388935903
Basalt,1922,40,69.70884918954356
Basalt,19244,1,62.570400993703856
Basalt,19285,2,68.30884167499786
Basalt,1929,4,51.80753773753423
Basalt,19340,11,58.922356867407515
Basalt,19453,60,84.59974779875392
Basalt,19589,1,51.5006012700083
Basalt,19654,2,52.55086994790869
Basalt,19673,1,68.13121916382923
Basalt,19737,2,75.42848792597508
Basalt,19842,6,53.033847841267715
Basalt,19937,21,103.54933878723408
Basalt,20037,5,60.0336969610976
Basalt,20128,21,62.278470103158625
Basalt,20187,10,60.24721526644768
Basalt,20392,2,96.55968420656502
Basalt,20429,2,152.06504440435344
Basalt,2068,52,52.37041259026416
Basalt,20748,26,85.99411931173952
Basalt,20782,4,53.69974498126203
Basalt,2103,12,103.88210694910262
Basalt,2104,15,64.94231383125158
Basalt,21604,14,89.471930786381
Basalt,21740,6,70.57742798964232
Basalt,21956,12,101.37628563447697
Basalt,21962,5,87.21745574424857
Basalt,21977,1,111.03000915235754
Basalt,22058,8,162.93270800399353
Basalt,2216,3,51.52419149249102
Basalt,22239,2,57.41074546620045
Basalt,2224,8,53.4871198361731
Basalt,22349,3,54.43855159634538
Basalt,22379,10,87.04120597302801
Basalt,2247,1,121.30829682319518
Basalt,2262,1,79.3102565762431
Basalt,22764,1,67.74764982729096
Basalt,22917,7,102.88640474057176
Basalt,2294,18,56.37110015905793
Basalt,23248,1,67.6286659408734
Basalt,23458,3,57.782586638623094
Basalt,23569,11,57.578644759906794
Basalt,23666,10,143.33245834873134
Basalt,23678,7,129.3946600116895
Basalt,23775,1,51.30869943973214
Basalt,23880,2,108.789077676478
Basalt,23930,1,54.60321445013841
Basalt,23950,4,85.51290448263101
Basalt,2400,66,51.43777574344225
Basalt,2402,5,73.32641460696692
Basalt,2403,10,74.85957146530349
Basalt,2406,14,56.39106632809561
Basalt,2430,41,58.059203424834884
Basalt,2431,3,77.6830046359059
Basalt,24582,4,67.58439779371402
Basalt,24953,4,455.79818576544375
Basalt,2499,2,58.7626278876976
Basalt,2500,1,93.16483382884165
Basalt,25017,6,77.6560433070824
Basalt,2502,4,53.31470842322075
Basalt,25034,1,89.79203435048845
Basalt,2546,1,68.15743675254274
Basalt,25541,9,68.93085726235473
Basalt,2561,2,112.880566919838
Basalt,25630,5,91.92260801706017
Basalt,25701,32,81.57227708571637
Basalt,25712,6,57.01796487240691
Basalt,25910,8,61.306311825531466
Basalt,2595,30,52.36074933998119
Basalt,2597,1,53.20936128571324
Basalt,2629,1,77.24241012122894
Basalt,26300,11,90.39791820789311
Basalt,26302,5,64.28580024142138
Basalt,2639,39,61.68791787385067
Basalt,2654,44,60.90313504235899
Basalt,26579,2,69.49071618341274
Basalt,26729,1,51.49004303795774
Basalt,2686,1,69.65074148285245
Basalt,26872,22,91.87306530501888
Basalt,27024,4,69.56140345948944
Basalt,2707,1,77.2099604211867
Basalt,27196,8,65.40903817986603
Basalt,27211,1,51.774148582174575
Basalt,2771,10,57.280077008412746
Basalt,2801,2,95.43182257339794
Basalt,2813,3,53.14499472877617
Basalt,28569,6,54.7082307445842
Basalt,2857,16,121.24255620780656
Basalt,28661,21,120.9997233982118
Basalt,2871,10,62.14620164456356
Basalt,2876,18,53.27959053372947
Basalt,29076,9,61.11178341272425
Basalt,29150,13,59.094331244749036
Basalt,2954,2,78.91891354062092
Basalt,29590,3,53.12335455082867
Basalt,29629,2,103.87981311834776
Basalt,2974,9,70.46358977234699
Basalt,29766,5,64.63868357354933
Basalt,3042,1,60.192604549572366
Basalt,3075,2,89.26149314454024
Basalt,3102,1,85.78228863385411
Basalt,3122,2,54.169790448777015
Basalt,3144,4,54.26169292747271
Basalt,3220,1,52.87585494270205
Basalt,3242,6,52.44515109179137
Basalt,3272,14,69.61496112022115
Basalt,3286,1,54.97150203105108
Basalt,3317,5,70.76081470319089
Basalt,3383,1,57.74632603661417
Basalt,3390,4,152.8164106353055
Basalt,3408,1,113.93716674868435
Basalt,3418,12,103.34004828858583
Basalt,3421,21,64.16261998295573
Basalt,3432,3,58.28484004506508
Basalt,3475,1,54.43162987489316
Basalt,3521,2,54.66552968477326
Basalt,3539,6,108.8684651577587
Basalt,3576,4,58.162157528926414
Basalt,3592,1,60.49531433402032
Basalt,3617,5,57.38352009272723
Basalt,3627,1,81.50723657228995
Basalt,3635,17,51.422721075451626
Basalt,3682,4,76.25736541833716
Basalt,3718,6,89.56040904688186
Basalt,3731,16,63.34705485826638
Basalt,3732,3,58.94042463564033
Basalt,3733,5,84.00965272067404
Basalt,3787,6,51.18696598852361
Basalt,3836,2,57.78504735136786
Basalt,3913,13,69.06314725570473
Basalt,3918,3,64.43299157158552
Basalt,3941,4,54.65223011323343
Basalt,3962,2,57.819900919801015
Basalt,3988,13,86.25398796233584
Basalt,3995,2,97.93092967802099
Basalt,3997,5,213.92512420993071
Basalt,3998,1,103.63087308446153
Basalt,4053,4,126.20865281362722
Basalt,4058,5,142.41920681206759
Basalt,4067,9,60.32623901669527
Basalt,4134,1,87.72422223957423
Basalt,4139,3,52.18599931455695
Basalt,4151,1,51.67086902261755
Basalt,4245,2,135.07262243905498
Basalt,4338,1,109.30752605142749
Basalt,4495,1,82.15814131228025
Basalt,4498,1,100.76242564292454
Basalt,4501,2,85.20428991215553
Basalt,4532,12,51.103020130679646
Basalt,4533,112,66.96693704586636
Basalt,4544,7,84.8279906609126
Basalt,4614,7,70.86854380850157
Basalt,4659,1,127.38662961316285
Basalt,4721,1,67.21201995904515
Basalt,4732,6,53.5936213071005
Basalt,4754,6,51.5344994033681
Basalt,4780,5,116.78080029593048
Basalt,4789,1,52.62500436496102
Basalt,4841,33,71.23462690773611
Basalt,5021,3,55.9874519647861
Basalt,5033,2,73.26372221042719
Basalt,5129,3,113.63299857309839
Basalt,5198,5,77.9979316378324
Basalt,5201,5,77.71027841039712
Basalt,5202,2,77.00869382927337
Basalt,5204,22,83.0249060016319
Basalt,5212,1,78.25507522562776
Basalt,5244,7,68.90700684352933
Basalt,5261,1,60.48638419352161
Basalt,5278,1,104.714585735573
Basalt,5297,16,56.94617434878742
Basalt,5298,3,78.37079183823317
Basalt,5307,3,131.4006061481752
Basalt,5417,1,108.57118390765277
Basalt,5505,1,108.17366453466215
Basalt,5530,28,54.758855949709
Basalt,5561,5,53.526217633471674
Basalt,5611,1,71.76482464207633
Basalt,5634,5,62.79661898059082
Basalt,5702,31,53.821927290683284
Basalt,5709,1,87.71050226218534
Basalt,5755,6,97.3805702355844
Basalt,5786,1,59.49991939613169
Basalt,5793,4,67.21120975203972
Basalt,5796,1,67.47854560159709
Basalt,5820,18,52.24057739155435
Basalt,5822,15,52.79141920610295
Basalt,5851,6,57.69619454843687
Basalt,5891,4,80.59262177995245
Basalt,5927,11,94.6148675613078
Basalt,5953,10,122.42486191294685
Basalt,5956,4,70.49497447847313
Basalt,6005,2,64.55977957236922
Basalt,6024,3,68.3418249175725
Basalt,6048,3,72.54752597355548
Basalt,6162,1,137.2423941877339
Basalt,6224,4,101.16759439553455
Basalt,6261,2,73.00868813368265
Basalt,6302,7,68.6220424107158
Basalt,6338,3,68.28492918173428
Basalt,6351,2,128.74837338226888
Basalt,6424,1,83.04906592874102
Basalt,6455,6,59.443495420650926
Basalt,6460,6,82.17065705639004
Basalt,6479,44,56.07876192283757
Basalt,6481,3,51.27257871737012
Basalt,6516,3,141.00122751124292
Basalt,6522,15,58.94133876774493
Basalt,6526,1,112.3319074665546
Basalt,6639,4,70.34466367238224
Basalt,6640,25,71.80023606303752
Basalt,6678,62,54.67389446951012
Basalt,6818,1,64.07133463908653
Basalt,6879,10,59.148165616673396
Basalt,6882,2,60.61629006290991
Basalt,6884,3,63.73648454355944
Basalt,6941,2,60.57067733049233
Basalt,6973,49,53.6523502151793
Basalt,6995,23,59.69807365262184
Basalt,7025,14,57.08542132686066
Basalt,7162,1,70.92029183708092
Basalt,7163,4,107.1290685148308
Basalt,7164,9,54.21780749074328
Basalt,7177,2,59.20066702667616
Basalt,7275,1,78.0192757594701
Basalt,7288,2,95.37245425781298
Basalt,7354,13,52.74381497320624
Basalt,7370,9,79.90406204128534
Basalt,7476,1,61.22330752071538
Basalt,7487,2,130.34190315935973
Basalt,7499,1,56.28422865065667
Basalt,7576,55,85.58330167052388
Basalt,7602,4,52.08370621613106
Basalt,7603,36,83.28231008824156
Basalt,7627,1,77.80074489918167
Basalt,7640,2,61.05449762033822
Basalt,7669,4,71.1970777776435
Basalt,7772,1,72.77505577089605
Basalt,7779,14,61.42620357555096
Basalt,7845,8,55.041858997995334
Basalt,7902,3,52.61397760786492
Basalt,7959,1,65.78546792014811
Basalt,7990,2,61.32169749304404
Basalt,8012,5,79.45740037761232
Basalt,8026,2,71.62447826457382
Basalt,8079,1,54.218937104477384
Basalt,8118,202,55.51661413949532
Basalt,8150,6,81.22429932662052
Basalt,8163,1,120.32144746767105
Basalt,8260,1,107.25872299343092
Basalt,8334,12,54.22542100146367
Basalt,8386,21,70.59182815442615
Basalt,8464,5,76.38603334946765
Basalt,8603,2,75.65617550019292
Basalt,8690,5,309.6410013487441
Basalt,8700,22,54.906909995780964
Basalt,8751,15,52.109047371519154
Basalt,8795,3,57.70013958684379
Basalt,8906,3,93.4293960193352
Basalt,8983,8,55.273060842225455
Basalt,8991,79,81.90152773417475
Basalt,8992,1,51.60671111030801
Basalt,8997,11,76.0806882274773
Basalt,9008,1,136.5767192652219
Basalt,9024,7,105.993061798832
Basalt,9025,1,68.2254651941907
Basalt,9044,54,56.65492899810898
Basalt,9062,3,65.67845293382936
Basalt,9078,10,55.240525158132634
Basalt,9080,3,67.58222427489036
Basalt,9090,4,145.62421122073482
Basalt,9218,3,84.22265053345342
Basalt,9344,1,53.290499067775265
Basalt,9372,3,51.58743956797535
Basalt,9400,1,79.4520329168499
Basalt,9440,5,101.87679023937241
Basalt,9444,9,82.5168576873511
Basalt,9483,26,84.42648455503681
Basalt,9510,16,77.95652003908626
Basalt,9555,12,98.62593020075359
Basalt,9822,45,74.15856343047506
Basalt,9843,1,127.16118085776765
Basalt,9913,19,100.47406417441728
Basalt,9922,1,66.81272176094404
Basalt,9977,5,58.930530640109424
Basanite,10031,5,55.10708637094977
Basanite,10043,5,68.07759086745726
Basanite,10363,22,90.97453984687726
Basanite,10383,11,60.38518832076469
Basanite,10410,1,63.519405865054594
Basanite,11456,2,78.70362239076968
Basanite,11585,2,118.49063774980726
Basanite,12580,4,55.03210474121646
Basanite,12594,2,96.86688115233952
Basanite,12888,4,206.53393854715418
Basanite,12889,8,62.21929525968352
Basanite,13153,16,61.58514485094021
Basanite,13332,2,51.06506013543347
Basanite,13379,6,104.90168850404649
Basanite,13406,1,86.07789026420897
Basanite,13414,1,71.56638184430443
Basanite,13418,13,66.21412209461631
Basanite,13447,5,152.18129505007298
Basanite,13767,2,179.3119902388884
Basanite,14109,1,126.82093753275436
Basanite,14112,8,82.09217469932761
Basanite,14292,3,55.7835163925387
Basanite,14590,1,63.98364121422155
Basanite,14757,2,107.26327728878715
Basanite,15150,1,93.72363962519829
Basanite,15351,8,66.78727355617576
Basanite,15919,5,57.73428988157724
Basanite,17156,22,62.75743129491563
Basanite,1762,5,170.19377127226568
Basanite,18604,1,116.29853607089609
Basanite,19300,10,68.72704099088524
Basanite,19654,1,56.04457664940442
Basanite,19888,2,77.64091764114568
Basanite,20126,3,90.12826013517592
Basanite,23408,6,51.22019412155258
Basanite,23836,1,196.4304951749338
Basanite,25508,6,68.90671342843216
Basanite,25541,1,77.55280618382514
Basanite,2871,1,88.71704341142153
Basanite,29590,1,51.51083952790359
Basanite,29929,4,95.47946099960537
Basanite,3071,7,157.50175073915915
Basanite,4512,2,64.53143488666626
Basanite,4647,1,313.11470950750305
Basanite,6032,1,81.08506707947843
Basanite,7519,21,60.31793874405407
Basanite,7521,2,55.94399515031343
Basanite,7701,4,121.70844883051376
Basanite,7798,2,51.98823472505275
Basanite,8066,2,123.29267497580138
Basanite,8157,2,67.62718619208465
Basanite,8205,3,165.07433497786985
Basanite,8250,4,111.76273770194986
Basanite,8597,2,80.53631697722142
Basanite,8643,6,52.22377701324166
Basanite,8809,1,70.37195423304935
Basanite,9039,10,109.59199300181581
Basanite,9261,9,96.96833833439223
Basanite,9296,9,51.716169909609654
Basanite,9315,1,83.61393237586077
Basanite,9319,1,58.68811764549203
Basanite,9541,4,53.419973907195
Basanite,9584,1,97.82674599371248
Basanite,9634,1,74.4745786283486
Basanite,9843,15,160.16633442655785
Benmoreite,10225,2,66.02188518831157
Benmoreite,10748,1,56.618266633407316
Benmoreite,11166,10,65.22034566931885
Benmoreite,11197,2,56.090031807692704
Benmoreite,13636,3,79.39873390816109
Benmoreite,14339,2,55.17550739013082
Benmoreite,14345,1,53.362395441865246
Benmoreite,14503,1,86.34153247481223
Benmoreite,16706,4,84.05164277737633
Benmoreite,18914,1,81.56907132563299
Benmoreite,20056,1,89.85577711457108
Benmoreite,24136,3,56.896208279715445
Benmoreite,24772,1,102.13534236260173
Benmoreite,26362,1,58.25689658540137
Benmoreite,3002,3,55.5934602104531
Benmoreite,3839,3,175.77558645136077
Benmoreite,4932,2,122.84645389545977
Benmoreite,6670,1,52.61439167382877
Benmoreite,8157,1,101.94828595453306
Benmoreite,8367,1,76.32071233057952
Benmoreite,8368,1,92.24517869436505
Benmoreite,8764,1,75.86732355769662
Boninite,10484,1,94.8189714601027
Boninite,11752,1,130.16452732368063
Boninite,13590,3,101.96670056990361
Boninite,13606,6,62.05548658224845
Boninite,14227,5,52.91572166288164
Boninite,14379,6,90.77055316943368
Boninite,16403,3,93.71138728473495
Boninite,2262,3,133.16064530903904
Boninite,2265,1,67.32531078725819
Boninite,2334,5,266.36830785642417
Boninite,2378,4,124.49275670842098
Boninite,23794,15,81.24964212757973
Boninite,2406,5,233.0541220653186
Boninite,2428,5,73.99495431414589
Boninite,2457,5,55.94903655197139
Boninite,3291,38,102.16323726162605
Boninite,5209,10,95.54271928147384
Boninite,5665,2,62.0129664806844
Boninite,6759,3,60.071960892868994
Boninite,7307,22,138.79946412542995
Boninite,9653,1,73.58497726322128
Boninite,9839,2,72.24753548528199
Dacite,10041,5,93.60698599253234
Dacite,10058,1,112.96099196863173
Dacite,10298,3,51.83227764420707
Dacite,10349,3,53.389649286643206
Dacite,10351,1,109.11361972985864
Dacite,10466,2,52.0643382063822
Dacite,10698,2,136.18845438013017
Dacite,10794,2,51.56802698706961
Dacite,10858,3,105.88004566245635
Dacite,10867,1,101.01053562765752
Dacite,10924,4,52.38393004987856
Dacite,10965,2,103.31189258441904
Dacite,11170,6,79.58120884472959
Dacite,11185,3,72.7626251030871
Dacite,11264,1,72.0790845593975
Dacite,11477,2,108.18313773771754
Dacite,11502,3,70.83680871169886
Dacite,11590,4,58.883147388594466
Dacite,11610,2,102.73711355479284
Dacite,11680,2,123.85261014811084
Dacite,11716,4,61.81269014687392
Dacite,11718,2,102.19914760077563
Dacite,11892,1,71.33596675464113
Dacite,11928,2,56.16706795424473
Dacite,12004,1,59.64340226126802
Dacite,12067,1,60.93173254153316
Dacite,12088,9,58.38316809199611
Dacite,12507,6,106.598162534772
Dacite,12552,4,54.82189976279778
Dacite,12807,4,56.90267876244662
Dacite,12903,3,61.961507464182645
Dacite,12950,1,137.317552089997
Dacite,13278,2,60.67817000959765
Dacite,13302,5,69.51614576438301
Dacite,13633,12,54.63988285717214
Dacite,13697,3,115.40559302589415
Dacite,13820,32,94.33954111011747
Dacite,14046,9,59.825648552767355
Dacite,14078,23,93.74167248525028
Dacite,14123,26,69.84875891178774
Dacite,14145,2,85.01551131072992
Dacite,14355,1,85.58879347326787
Dacite,14413,4,61.68683966125359
Dacite,14512,7,107.97437348493706
Dacite,14822,4,55.1088519173178
Dacite,14982,2,158.468133024456
Dacite,15005,1,122.98431459673604
Dacite,15227,1,65.45330636754983
Dacite,15683,4,55.573879350148744
Dacite,15917,1,189.42240404968254
Dacite,15999,2,66.2501336042109
Dacite,16088,1,154.61699288501822
Dacite,16392,1,65.03842244616081
Dacite,16399,3,63.11148449018562
Dacite,16400,1,60.15806689978059
Dacite,16415,7,186.51758246349104
Dacite,16467,1,90.0539809675886
Dacite,16921,2,51.40761961913057
Dacite,16927,4,124.1377322800054
Dacite,17221,2,112.7311376375046
Dacite,18103,1,111.43058589083456
Dacite,18210,2,61.01742390804009
Dacite,18292,1,85.51279090706714
Dacite,18300,1,53.00766032349681
Dacite,18312,1,69.75937822894544
Dacite,18927,3,85.50081249547968
Dacite,19068,2,86.09504000458448
Dacite,20087,1,103.66358168095017
Dacite,20103,1,107.2646671975973
Dacite,20439,13,53.773197217636216
Dacite,20865,3,113.70125261037295
Dacite,20884,2,157.76514098453285
Dacite,21714,2,52.096494249465835
Dacite,2218,6,75.24738081690376
Dacite,2247,9,75.22213887047015
Dacite,22592,17,54.218807583796206
Dacite,22756,1,79.18956730431752
Dacite,2311,5,68.56539204885429
Dacite,23250,1,98.27302274913944
Dacite,23304,3,63.29371774406351
Dacite,23561,3,77.47512887063799
Dacite,23943,1,66.50857268102865
Dacite,24187,5,51.00903500385243
Dacite,24289,1,55.283762107153244
Dacite,2479,2,70.44539848920644
Dacite,2481,1,65.73455352963337
Dacite,24879,5,69.36294872889482
Dacite,25017,4,95.63559703696274
Dacite,25325,8,54.64933124888015
Dacite,25643,19,55.66797646743841
Dacite,2565,3,66.80024177351302
Dacite,25701,75,98.6113522860247
Dacite,25712,5,63.82577560059322
Dacite,2609,1,91.10041307986255
Dacite,26107,5,115.15831305439403
Dacite,26215,2,56.155572247714225
Dacite,26362,1,496.4537827167465
Dacite,2655,3,55.34885896274996
Dacite,26579,5,73.12359754448389
Dacite,2667,1,92.65060182071679
Dacite,26908,2,150.06222746329826
Dacite,27210,5,76.03252962236688
Dacite,28569,1,53.75709834133344
Dacite,28668,13,89.33227511882487
Dacite,28801,2,51.5371880942349
Dacite,28869,6,83.79304094801898
Dacite,29150,6,54.37643610535362
Dacite,3054,1,101.8019556032842
Dacite,3075,1,109.56074551383425
Dacite,3118,2,57.709026255097385
Dacite,3210,2,71.32843671982539
Dacite,3212,1,72.71337544588641
Dacite,3282,1,53.10876449122862
Dacite,3403,1,52.2863677182911
Dacite,3627,4,88.11600105880649
Dacite,3669,1,70.45717198740287
Dacite,3699,5,54.923433560356614
Dacite,3732,1,75.58516821196253
Dacite,3796,18,64.55029936786423
Dacite,3802,4,82.39515852754262
Dacite,3804,11,105.03236323387176
Dacite,3877,1,67.98123121668712
Dacite,4151,1,145.37652540384082
Dacite,4223,9,67.65679397931235
Dacite,4245,3,130.90842100980203
Dacite,4437,2,77.6558804489845
Dacite,4463,1,78.85269747928605
Dacite,4495,7,97.64673164313606
Dacite,4890,31,67.34919101366899
Dacite,4913,4,75.35837611594462
Dacite,5009,3,51.01496955462716
Dacite,5012,5,74.60944628823124
Dacite,5183,1,83.88258092215202
Dacite,5189,11,58.6524793946469
Dacite,5298,1,105.4702863703583
Dacite,5506,1,71.09870401750184
Dacite,5545,10,119.99608235656086
Dacite,5565,2,110.14107722751584
Dacite,5569,2,92.74559211174268
Dacite,5656,8,71.25454417755526
Dacite,5657,2,105.67063516907626
Dacite,5760,3,154.8352582354647
Dacite,5763,3,52.734394658494296
Dacite,5802,2,54.70563884512682
Dacite,5851,1,84.32636958976755
Dacite,5968,1,332.4347060416342
Dacite,6024,8,59.66766814639875
Dacite,6048,16,64.2145501891611
Dacite,6292,4,134.83595262333756
Dacite,6302,1,79.37703829016712
Dacite,6349,4,67.09194645354
Dacite,6450,5,57.34708142178678
Dacite,6460,11,129.67641929291628
Dacite,6481,1,60.10731425552583
Dacite,6528,2,53.206366562124956
Dacite,6639,2,70.0789571497701
Dacite,6673,15,54.12272926348778
Dacite,6764,3,69.33223666036314
Dacite,6813,1,64.16187675303517
Dacite,6882,1,87.3834568904206
Dacite,6884,1,86.72349710873371
Dacite,6950,2,52.8290750740188
Dacite,6995,2,66.07063286949071
Dacite,7043,1,85.5199280354907
Dacite,7155,1,70.55612172392512
Dacite,7162,2,91.8787369355493
Dacite,7163,6,128.16201326849705
Dacite,7164,7,75.16071324600661
Dacite,7189,5,77.40559220440299
Dacite,7233,4,54.337709621002006
Dacite,7237,1,65.66180639231628
Dacite,7322,2,57.75027652995456
Dacite,7363,24,179.58488998810827
Dacite,7370,3,61.4695732718252
Dacite,7389,1,110.21126096994047
Dacite,7408,3,52.96306151251614
Dacite,7496,2,51.720922466645746
Dacite,7576,3,97.21986693886498
Dacite,7602,2,67.68793040410776
Dacite,7735,1,96.78151242020483
Dacite,7826,7,60.82680134024435
Dacite,8005,1,55.33666564517509
Dacite,8077,2,60.064874256967244
Dacite,8384,1,60.29245880351762
Dacite,8386,2,75.9103838663705
Dacite,8603,2,58.438545532535116
Dacite,8700,5,52.65207974545746
Dacite,8706,8,108.23153778998272
Dacite,8737,1,55.22118188132624
Dacite,8790,8,80.16208861008312
Dacite,8792,6,62.271716074524264
Dacite,8811,1,116.63665614462167
Dacite,8906,1,140.18787072866533
Dacite,8983,4,53.00561332910873
Dacite,9026,2,61.92014985407492
Dacite,9063,4,69.08237580115615
Dacite,9090,1,215.12081517711263
Dacite,9214,4,57.40192085463447
Dacite,9218,7,67.41351516619082
Dacite,9261,1,88.57556583789537
Dacite,9271,1,55.01079390360445
Dacite,9336,1,101.91871397723074
Dacite,9340,6,51.038009631008094
Dacite,9350,2,70.30650886655116
Dacite,9390,1,93.81054279155695
Dacite,9440,7,141.38754061471823
Dacite,9681,29,74.44262591309342
Dacite,9703,7,71.45019873385125
Dacite,9774,1,75.024474696678
Dacite,9824,2,117.44501698324567
Foidite,10363,2,108.92908617050685
Foidite,10877,5,199.00433782103832
Foidite,12782,3,82.3085068553332
Foidite,13059,2,60.650585221661885
Foidite,15919,1,66.0781378420231
Foidite,19674,2,62.49779060314139
Foidite,25701,1,165.04229865397895
Foidite,7599,1,87.59910312929571
Foidite,8167,5,54.27092702758222
Foidite,9314,9,60.91561604841715
Foidite,9319,2,58.87361815274946
Hawaiite,10041,3,106.52593097515063
Hawaiite,10363,30,80.81148711218465
Hawaiite,11526,4,80.68413852241247
Hawaiite,11530,17,56.865870532798624
Hawaiite,13332,1,71.18087093519895
Hawaiite,13342,5,78.76689233301597
Hawaiite,13369,5,85.94486634147164
Hawaiite,13787,2,54.21928907668722
Hawaiite,14014,1,60.088862688264925
Hawaiite,14457,5,60.18010962785683
Hawaiite,16068,3,64.12684658162082
Hawaiite,16393,1,74.7566578517261
Hawaiite,16706,4,77.19380264824171
Hawaiite,19654,4,57.95746708433758
Hawaiite,21888,8,88.41624385053046
Hawaiite,2685,1,64.89773084492352
Hawaiite,3002,7,54.20080597856697
Hawaiite,3658,1,74.31798969985672
Hawaiite,3733,2,69.95938418881272
Hawaiite,3839,1,89.90237942874833
Hawaiite,4614,2,86.71927572354807
Hawaiite,6480,5,73.6556728268479
Hawaiite,6753,1,89.21476895585332
Hawaiite,7603,6,97.12877544792491
Hawaiite,8250,2,88.21992190789015
Hawaiite,8368,3,52.273538513564354
Hawaiite,9039,14,57.09089237850705
Hawaiite,9843,2,117.93327936341117
Kimberlite,10059,1,84.86373846891115
Kimberlite,11663,10,119.38504613287378
Kimberlite,12154,4,72.437934560172
Kimberlite,12158,7,90.60245808765784
Kimberlite,12163,5,61.954041055673166
Kimberlite,12167,6,56.99989487909026
Kimberlite,12200,3,163.33390736348446
Kimberlite,12205,10,61.28161017220156
Kimberlite,12522,1,65.46470660152914
Kimberlite,12703,3,53.51104625222783
Kimberlite,13069,9,52.990201990301344
Kimberlite,13070,30,55.77144240571336
Kimberlite,13832,68,107.84480050575483
Kimberlite,13862,1,117.00927900263696
Kimberlite,13920,3,152.43711598509842
Kimberlite,14068,14,55.857532896909476
Kimberlite,14070,12,225.04134741171305
Kimberlite,14071,44,59.67625714962405
Kimberlite,14106,5,53.9588464219557
Kimberlite,14133,6,85.73306711086238
Kimberlite,14164,10,140.53635981867092
Kimberlite,14235,5,70.6946738014149
Kimberlite,14240,2,91.97578210062409
Kimberlite,14241,1,67.82140204932323
Kimberlite,15312,15,62.17929284750447
Kimberlite,15944,18,55.51475173644184
Kimberlite,16743,5,54.68242606909365
Kimberlite,16833,11,145.01753850851296
Kimberlite,16888,1,128.45938326151892
Kimberlite,16909,10,87.70872211924113
Kimberlite,16916,9,89.70971442133141
Kimberlite,17082,1,84.32506634467906
Kimberlite,17472,2,95.37209377229138
Kimberlite,17821,15,98.10683924092916
Kimberlite,17854,1,92.25401411617881
Kimberlite,17896,3,271.94641300612443
Kimberlite,18092,11,52.540818895709556
Kimberlite,18134,4,196.1849723359607
Kimberlite,18234,9,53.49844883990639
Kimberlite,18872,16,72.74140853405844
Kimberlite,19113,1,142.15247351865557
Kimberlite,19853,1,67.44605968991631
Kimberlite,20699,18,66.33856329210778
Kimberlite,21051,19,58.09909909248978
Kimberlite,21671,2,73.75501903358618
Kimberlite,22382,3,51.64270982017999
Kimberlite,22629,34,64.35354122037714
Kimberlite,22876,5,51.10204044252586
Kimberlite,23362,36,71.06370919041562
Kimberlite,24692,2,138.9015908946803
Kimberlite,25388,2,226.48798955382858
Kimberlite,5530,4,63.52407741438245
Komatiite,13590,328,108.98437499891041
Komatiite,14980,46,61.03576878580202
Komatiite,15131,2,61.67132928145745
Komatiite,15917,17,54.264100530904535
Komatiite,16244,8,51.832315376324
Komatiite,16547,2,69.53411306917945
Komatiite,17129,42,61.913069206913256
Komatiite,18043,9,69.03582428702968
Komatiite,18431,22,62.424610244394955
Komatiite,24238,15,56.5103729400122
Komatiite,28668,18,55.453100288664004
Komatiite,29413,32,74.35730273648599
Komatiite,5129,6,76.19766602839056
Komatiite,5307,8,87.34091962083663
Komatiite,5400,6,53.762990361598234
Komatiite,5701,40,83.10084580132495
Komatiite,5809,31,51.84190239341683
Komatiite,5953,3,82.19462182348262
Komatiite,5996,17,58.654348441743345
Komatiite,6005,3,66.8004977141767
Komatiite,6629,12,62.34755916606328
Komatiite,6795,19,67.4024298889527
Komatiite,7163,1,59.70022053970037
Komatiite,7288,1,80.26805264171612
Komatiite,9080,1,78.03809090977175
Komatiite,9112,2,65.02524417232317
Latite,10363,2,113.3911785589572
Latite,10391,2,177.61856988217133
Latite,10858,7,123.00584666667515
Latite,11281,16,53.852185842146184
Latite,11503,1,182.10021309610565
Latite,12293,8,187.37915569159577
Latite,12365,23,65.34833216261877
Latite,12525,2,64.32371879534325
Latite,13302,9,54.057837316541914
Latite,13759,11,56.04979112739985
Latite,13978,1,74.05522934226704
Latite,14161,8,72.85023699137957
Latite,15416,1,76.15625077470472
Latite,15579,3,54.324864868503724
Latite,15903,1,56.543172924541246
Latite,15905,2,54.95147114239681
Latite,1770,4,86.91989229862187
Latite,18051,17,75.36073042430088
Latite,20127,1,71.84316200664347
Latite,23248,1,67.94904154816874
Latite,2871,5,66.9782253584898
Latite,3418,2,81.54682541836617
Latite,4429,2,63.730803348419784
Latite,5512,1,102.77416993703864
Latite,7266,2,73.88339073768955
Latite,7674,2,89.43798226755693
Latite,7716,4,56.18909893504545
Latite,8212,3,91.74128938040033
Latite,8250,1,104.93163155137817
Latite,8443,2,52.93186279055655
Latite,8857,7,54.1516985451396
Latite,9261,1,65.7749272207979
Mugearite,10041,2,97.4927035865866
Mugearite,10363,8,113.78536302949624
Mugearite,13414,1,60.906686120256374
Mugearite,13636,2,62.055916766858715
Mugearite,13787,14,62.62947416593619
Mugearite,1770,13,163.4529040452338
Mugearite,21873,2,55.665816510334245
Mugearite,23248,2,94.73262436540804
Mugearite,3002,3,63.066755279802194
Mugearite,3839,1,74.6826341016716
Mugearite,4099,1,118.94374426861219
Mugearite,4558,2,84.86542036022637
Mugearite,4932,1,97.66925869089934
Mugearite,6703,2,61.82200889170798
Mugearite,6753,1,211.00427316839696
Mugearite,7288,1,74.99943616119842
Mugearite,7620,1,90.22816227494195
Mugearite,8157,1,52.76367904886743
Mugearite,8189,3,106.02198395134772
Mugearite,8204,1,58.15940891633892
Mugearite,8700,1,67.4169484933313
Mugearite,8991,2,121.30194315791334
Mugearite,9039,1,80.95065551110724
Mugearite,9325,2,67.093710413757
Mugearite,9359,2,63.570626099799625
Mugearite,9987,12,73.06330647823202
Nephelinite,10043,2,67.25644635331034
Nephelinite,11928,5,77.4900703588285
Nephelinite,12885,1,161.26740443436654
Nephelinite,12889,4,52.4834485144529
Nephelinite,13340,4,54.9736009357108
Nephelinite,13895,4,110.59966675384558
Nephelinite,14353,19,92.29516804637073
Nephelinite,14844,5,51.91671035491869
Nephelinite,15125,5,70.44552286501076
Nephelinite,15351,1,110.67497542361032
Nephelinite,15697,1,88.35082044226864
Nephelinite,1762,2,158.3067634829
Nephelinite,19219,6,156.82068269999974
Nephelinite,22482,1,200.24985861005072
Nephelinite,24698,20,53.184396636008735
Nephelinite,26118,1,67.26590411665359
Nephelinite,26864,1,98.5101985568288
Nephelinite,3658,1,143.01243404708285
Nephelinite,4061,3,52.01633279813043
Nephelinite,4062,4,134.99775216615336
Nephelinite,4737,44,87.24949542876877
Nephelinite,6156,4,54.64097581692624
Nephelinite,6280,5,59.25733040122052
Nephelinite,7809,8,67.210100523314
Nephelinite,7910,2,52.11638308776979
Nephelinite,8066,2,132.78987028709844
Nephelinite,8195,1,52.51355955441391
Nephelinite,9400,1,145.08444929171807
Nephelinite,9803,2,226.12146885100935
Phonolite,11029,2,120.3341022395451
Phonolite,1173,1,54.04944408764933
Phonolite,11997,1,81.94669217464394
Phonolite,12002,5,78.5960772487999
Phonolite,12474,19,54.42564366406917
Phonolite,12594,4,52.26375971957688
Phonolite,12823,1,98.76396395798233
Phonolite,13261,2,66.30484599877965
Phonolite,13408,1,146.01626845351734
Phonolite,13735,4,157.91597895605395
Phonolite,14014,1,69.18126577300943
Phonolite,14112,2,75.19060867546334
Phonolite,14272,2,99.09547690539023
Phonolite,15285,8,67.96867204648879
Phonolite,15416,2,75.41744249752766
Phonolite,1762,4,100.62017284696319
Phonolite,18414,4,153.38192813833163
Phonolite,18814,2,109.78810952579056
Phonolite,18816,2,75.69125566326967
Phonolite,19144,1,51.77371858185066
Phonolite,19294,3,53.32376704942869
Phonolite,20855,4,53.25816528848699
Phonolite,21024,1,188.60602160388098
Phonolite,22482,3,83.0531356883523
Phonolite,2655,2,66.43193031225668
Phonolite,3737,4,57.517811062846576
Phonolite,5009,7,62.70533905004736
Phonolite,6858,33,52.49091675545601
Phonolite,7654,3,88.07418224868029
Phonolite,7674,1,111.48356098777009
Phonolite,8025,1,105.03259439509748
Phonolite,8166,1,163.57074727681166
Phonolite,8271,6,63.62135106521847
Phonolite,8368,1,72.92778903498953
Phonolite,8369,1,56.99214697181922
Phonolite,8396,6,80.67321703716658
Phonolite,8848,4,200.2094530747293
Phonolite,9241,1,81.27629416038621
Phonolite,9261,1,103.36024790529487
Phonolite,9400,1,62.6521242047299
Picrite,10037,2,55.43951331113932
Picrite,10982,1,151.42074376034293
Picrite,11475,2,63.536873132601244
Picrite,11486,2,73.22199874191776
Picrite,11928,4,69.01736036626993
Picrite,12562,7,69.88530511621393
Picrite,13153,1,88.16657014535456
Picrite,13267,104,52.707940010196616
Picrite,14069,6,62.14044666109209
Picrite,14881,5,84.79723784063981
Picrite,15069,5,130.49120808854803
Picrite,15131,1,201.83552289867526
Picrite,15150,1,126.6397388503079
Picrite,15244,8,77.90854410802652
Picrite,15266,1,121.62819844737645
Picrite,15658,5,74.77535148680366
Picrite,15662,6,85.6287636250715
Picrite,15971,5,72.5176610737692
Picrite,17156,6,52.794387469808896
Picrite,1822,2,112.29788711355553
Picrite,18326,2,58.74261067237734
Picrite,1833,4,75.91456861242594
Picrite,1856,1,184.28598634495407
Picrite,1874,5,59.763944623470536
Picrite,19150,6,65.26844155552439
Picrite,19314,1,160.29622745883768
Picrite,2127,1,63.04335879617556
Picrite,21799,1,57.07871492338118
Picrite,22121,3,71.90904567843408
Picrite,2262,1,101.96292552110529
Picrite,2415,9,75.48133988242124
Picrite,2589,17,80.32261026765698
Picrite,2629,2,104.07300994393877
Picrite,26645,170,61.98660900712859
Picrite,2710,1,65.80097579785306
Picrite,29242,10,62.75617442302968
Picrite,3068,17,63.32795473648995
Picrite,3434,3,77.48082308450145
Picrite,3452,10,68.26309672098583
Picrite,3488,37,56.318710880069304
Picrite,3899,5,67.62194863513226
Picrite,4242,1,61.39349209182606
Picrite,4512,1,52.83383748195255
Picrite,4530,4,171.902747121154
Picrite,4888,1,97.95275547747661
Picrite,6017,2,57.01409694656793
Picrite,6280,1,60.218889749237896
Picrite,7288,2,206.8933995352728
Picrite,7521,5,91.65772876196687
Picrite,7621,1,63.36579669330347
Picrite,7883,1,71.17829449930086
Picrite,8700,20,91.12213484435375
Picrite,8983,2,72.41292202574616
Picrite,9080,5,74.58025923511107
Rhyodacite,10098,5,65.62960918265674
Rhyodacite,10250,1,60.09223547041543
Rhyodacite,10298,2,64.74597802968846
Rhyodacite,10858,1,104.22064322420904
Rhyodacite,11001,3,128.59944344621115
Rhyodacite,11451,3,77.98050056626411
Rhyodacite,11477,1,96.98882270430632
Rhyodacite,11502,1,82.59006678738423
Rhyodacite,11680,4,135.64431618094397
Rhyodacite,13978,1,55.961603021793366
Rhyodacite,14292,3,64.92762016652821
Rhyodacite,14512,2,118.19394430115779
Rhyodacite,15266,1,54.464121276507896
Rhyodacite,15446,1,87.2591116374968
Rhyodacite,15538,9,63.556503278436566
Rhyodacite,1669,5,109.76582748816793
Rhyodacite,20174,7,54.7196426838468
Rhyodacite,21714,1,68.88070576175537
Rhyodacite,22318,5,53.620009760286834
Rhyodacite,22728,1,101.90122929195987
Rhyodacite,24879,3,79.72005877678737
Rhyodacite,25325,14,61.123296052467296
Rhyodacite,26740,2,79.91211319654468
Rhyodacite,27196,4,61.13849989367024
Rhyodacite,3054,1,167.74909801783437
Rhyodacite,3510,7,72.99463062886534
Rhyodacite,3839,2,63.70721608030611
Rhyodacite,4223,1,81.03258928928615
Rhyodacite,4469,1,64.15917856841963
Rhyodacite,4495,1,85.84834518941287
Rhyodacite,4759,1,123.11654569559576
Rhyodacite,5013,1,77.59081128594556
Rhyodacite,6214,1,55.84902681550605
Rhyodacite,6292,4,90.15591211503664
Rhyodacite,6813,20,65.39451916244641
Rhyodacite,7389,2,105.61926099009318
Rhyodacite,8077,2,57.24891023593726
Rhyodacite,8212,1,82.0807516250288
Rhyodacite,8384,1,71.48497162990057
Rhyodacite,8680,1,64.47264811715364
Rhyodacite,8737,1,58.72096623546921
Rhyodacite,8811,1,313.48166264512525
Rhyodacite,9218,5,79.37847430702769
Rhyodacite,9271,4,53.715137074910594
Rhyodacite,9350,1,81.0535257272461
Rhyodacite,9486,4,52.13760233078244
Rhyodacite,9619,1,100.85640854520493
Rhyolite,10041,6,107.71948842189903
Rhyolite,10058,1,87.40172496263767
Rhyolite,10094,3,142.25392899370667
Rhyolite,10098,11,53.14217908985516
Rhyolite,10249,1,67.6256906423102
Rhyolite,10250,1,62.02221022315659
Rhyolite,10298,9,60.515281819532476
Rhyolite,10349,3,67.47132867333943
Rhyolite,10351,1,137.78240203210225
Rhyolite,10363,1,129.93515352563784
Rhyolite,10371,4,76.13653600238636
Rhyolite,10373,5,133.86644934310996
Rhyolite,10407,4,55.82188081228938
Rhyolite,10412,4,86.89132591577786
Rhyolite,10636,1,61.485942564045466
Rhyolite,10748,13,76.50272912243126
Rhyolite,10755,2,90.07588151008571
Rhyolite,10761,1,55.179411351631096
Rhyolite,10791,16,64.97572326350047
Rhyolite,10819,4,53.14891977298637
Rhyolite,10867,3,101.22098758177526
Rhyolite,10924,30,63.064614730049456
Rhyolite,10982,1,64.02391215127057
Rhyolite,10994,11,74.61244909927939
Rhyolite,11010,3,63.22656504401922
Rhyolite,11043,5,134.45805425820834
Rhyolite,11105,1,64.89449054703235
Rhyolite,11170,9,72.27524393508388
Rhyolite,11185,11,79.87268683382555
Rhyolite,11197,1,97.91160511775298
Rhyolite,11199,8,67.14897507966789
Rhyolite,11228,5,112.32141820798665
Rhyolite,11281,13,65.09172546658897
Rhyolite,11451,2,97.04255683534791
Rhyolite,11467,11,74.57446898075185
Rhyolite,11468,9,74.28261424828723
Rhyolite,11477,1,108.40739180233439
Rhyolite,11502,3,70.25848200910188
Rhyolite,11503,11,101.61745536528899
Rhyolite,11590,3,77.3536977548881
Rhyolite,11598,2,87.60853309756165
Rhyolite,11610,4,58.94728436187039
Rhyolite,11680,3,130.63028038397573
Rhyolite,11718,8,91.95559830967885
Rhyolite,11794,10,59.165145893690465
Rhyolite,11845,3,56.46032096379588
Rhyolite,11849,1,66.29159514161758
Rhyolite,11892,3,63.391762146065346
Rhyolite,11921,1,62.25277613597903
Rhyolite,12004,23,56.58128396663643
Rhyolite,12067,6,60.66555986384641
Rhyolite,12088,1,63.71677766714627
Rhyolite,12102,1,57.338105234284015
Rhyolite,12111,3,56.810635784522276
Rhyolite,12144,1,71.99275294390456
Rhyolite,12293,2,84.41895517884248
Rhyolite,12507,2,95.46867851618862
Rhyolite,12586,1,79.72314181119134
Rhyolite,12626,17,91.96734476773675
Rhyolite,12739,1,110.35071363554607
Rhyolite,12808,5,68.8817951672338
Rhyolite,12829,4,58.616440053680776
Rhyolite,12860,3,102.28345143761126
Rhyolite,12926,2,63.02025316073812
Rhyolite,12940,3,66.34121903233967
Rhyolite,12950,3,105.28180176497288
Rhyolite,12983,2,58.31018116758166
Rhyolite,13064,1,79.14435176958735
Rhyolite,13118,14,67.88482991039643
Rhyolite,13130,1,64.65654166652281
Rhyolite,13149,8,55.738048606157605
Rhyolite,13221,1,59.961359164704575
Rhyolite,13302,2,53.423840787701955
Rhyolite,13342,2,140.35242913985024
Rhyolite,13351,2,89.74965821897703
Rhyolite,13353,4,102.77813411561121
Rhyolite,13534,6,56.86212739613245
Rhyolite,13590,2,59.79263613001763
Rhyolite,13697,1,116.43162139699982
Rhyolite,13705,5,53.287751010935295
Rhyolite,13820,12,128.36358066602628
Rhyolite,13864,2,97.41512207763554
Rhyolite,13906,3,67.69234866742644
Rhyolite,13978,1,72.3909271551493
Rhyolite,13980,12,75.08060766620184
Rhyolite,14156,2,70.96264962499154
Rhyolite,14159,1,55.06388642474403
Rhyolite,14298,2,96.62705996810232
Rhyolite,14512,8,84.80982822123809
Rhyolite,14625,1,74.2094363130309
Rhyolite,14712,51,58.843719464366615
Rhyolite,14791,3,52.443203667084404
Rhyolite,14843,6,57.94272857142283
Rhyolite,14863,3,117.67713468061004
Rhyolite,14951,3,60.68099841974042
Rhyolite,14982,4,134.9571840072801
Rhyolite,14983,10,69.09543020027036
Rhyolite,15022,6,71.24069599350861
Rhyolite,15101,29,53.29234585419733
Rhyolite,15140,5,100.07458296163513
Rhyolite,15179,5,85.66032018695594
Rhyolite,15394,1,150.32332896313392
Rhyolite,15416,2,75.68346674305019
Rhyolite,15451,7,62.97988166976641
Rhyolite,15593,14,55.406444989642
Rhyolite,15702,3,77.25155639037179
Rhyolite,15913,5,52.5053612563472
Rhyolite,15999,14,81.35265746699702
Rhyolite,16088,1,133.04894866406306
Rhyolite,16226,44,74.51149742721711
Rhyolite,16403,2,90.53815289861653
Rhyolite,16408,11,62.193801026119594
Rhyolite,16415,5,126.81306558370075
Rhyolite,16449,1,71.58144174647053
Rhyolite,1688,8,51.22961696746466
Rhyolite,16921,1,53.292893226272
Rhyolite,17170,2,59.79235802584944
Rhyolite,17313,1,114.97484001831555
Rhyolite,17453,92,65.88922243335352
Rhyolite,17470,24,58.2728862931519
Rhyolite,17872,5,58.206487357112316
Rhyolite,18059,6,120.38196281685845
Rhyolite,18103,10,79.69277370868687
Rhyolite,18109,2,88.63032842850029
Rhyolite,18292,3,73.9054752805176
Rhyolite,18429,1,60.97460870712427
Rhyolite,18496,17,88.76346792723099
Rhyolite,1870,7,52.06067794862749
Rhyolite,19065,1,134.26026341242235
Rhyolite,19068,7,93.15784832822709
Rhyolite,19244,12,77.00324786380403
Rhyolite,19259,8,118.02200299069489
Rhyolite,1932,2,69.60684677085726
Rhyolite,19679,2,78.4659166651479
Rhyolite,19746,7,54.634188311390055
Rhyolite,19756,5,55.47459556570106
Rhyolite,1978,1,87.58774083182998
Rhyolite,19822,12,75.28321023817008
Rhyolite,20056,2,60.54443624918916
Rhyolite,20225,1,54.320376148490155
Rhyolite,20269,1,128.88160738259654
Rhyolite,20393,2,51.075204379912435
Rhyolite,20888,16,92.04717843598334
Rhyolite,20930,1,67.98808142899973
Rhyolite,21282,1,95.14494196717605
Rhyolite,2129,1,118.25146499582418
Rhyolite,21500,44,57.82382189141006
Rhyolite,2170,7,142.18088910135356
Rhyolite,21714,2,58.014597615794145
Rhyolite,22068,4,83.30997027755012
Rhyolite,22349,1,59.077071915463435
Rhyolite,22728,16,69.04262545408153
Rhyolite,22802,7,139.2792915633975
Rhyolite,22922,17,55.657336191898644
Rhyolite,2294,4,88.84822872881898
Rhyolite,2311,5,79.183551440559
Rhyolite,23148,6,55.922146044291416
Rhyolite,23248,11,67.21494848895196
Rhyolite,23304,1,56.80352065790045
Rhyolite,23458,2,61.15291908529821
Rhyolite,23624,1,87.45555661005248
Rhyolite,24139,1,76.51778918071331
Rhyolite,24188,5,88.55501153336232
Rhyolite,24351,5,60.54204041804075
Rhyolite,24520,4,79.88576365467605
Rhyolite,24804,1,51.19781401545007
Rhyolite,24879,19,69.43785945830538
Rhyolite,24897,6,60.747111557469296
Rhyolite,25509,1,64.70358066291593
Rhyolite,25589,10,61.10244849671608
Rhyolite,2570,1,52.153236664872004
Rhyolite,25701,19,125.36619718461193
Rhyolite,26038,3,117.34846269369893
Rhyolite,26107,1,116.58043262264948
Rhyolite,26506,4,52.71843303914443
Rhyolite,26546,2,110.19817682471381
Rhyolite,26677,11,76.29467179387628
Rhyolite,26729,1,58.838983035312566
Rhyolite,26740,5,56.73162867305165
Rhyolite,27143,17,96.85149520127221
Rhyolite,2715,1,58.62008469993866
Rhyolite,28668,14,273.0132887540048
Rhyolite,2876,1,74.78622463440044
Rhyolite,29057,4,66.14120088587421
Rhyolite,29255,3,114.48942948376796
Rhyolite,29629,1,137.10788512898873
Rhyolite,29838,3,69.71570265230622
Rhyolite,3210,10,72.35275121249299
Rhyolite,3212,4,61.52932057780181
Rhyolite,3291,14,51.66320870705171
Rhyolite,3418,2,144.313147513807
Rhyolite,3421,17,55.83697665110274
Rhyolite,3627,1,95.99369275150711
Rhyolite,3669,7,63.504922214111716
Rhyolite,3699,4,57.28270604270623
Rhyolite,3718,1,90.5159101829483
Rhyolite,3731,1,141.44806235155463
Rhyolite,3761,1,68.38591118274923
Rhyolite,3802,1,62.71871771540686
Rhyolite,3811,1,56.935670045426974
Rhyolite,3839,3,54.98549434384202
Rhyolite,3868,1,59.42619857147767
Rhyolite,3972,10,83.71398202878406
Rhyolite,3995,1,129.65729617081166
Rhyolite,3998,2,70.00867317841082
Rhyolite,4076,1,133.50738523163963
Rhyolite,4099,1,150.90011884385885
Rhyolite,4245,3,145.72719160201865
Rhyolite,4334,10,57.788452780588045
Rhyolite,4463,1,108.64783961269978
Rhyolite,4469,1,55.90137591646935
Rhyolite,4495,1,98.0595184232372
Rhyolite,4605,1,59.99651782931463
Rhyolite,4646,1,53.80898823234419
Rhyolite,4732,2,111.84368451356167
Rhyolite,4754,2,73.7680964786928
Rhyolite,4863,12,102.79742333251338
Rhyolite,4913,3,75.80635345513416
Rhyolite,4994,1,67.62569064231019
Rhyolite,4996,2,119.53661554165872
Rhyolite,5149,1,109.17219525560147
Rhyolite,5201,6,91.03623425884666
Rhyolite,5202,3,85.65642683979647
Rhyolite,5204,16,97.11068160400208
Rhyolite,5212,1,127.97308240273665
Rhyolite,5527,10,66.3373302910899
Rhyolite,5532,7,68.12029241652347
Rhyolite,5561,2,75.40683789871531
Rhyolite,5565,12,105.42679868120233
Rhyolite,5571,1,56.63573563670975
Rhyolite,5634,15,56.93329823065443
Rhyolite,5657,2,115.36474549145547
Rhyolite,5760,3,147.34649349592968
Rhyolite,5796,2,133.22838887214814
Rhyolite,5851,1,69.94845074739906
Rhyolite,5953,2,147.53063489519994
Rhyolite,5968,13,107.70697107929084
Rhyolite,6020,2,123.91679114027595
Rhyolite,6024,11,73.33672384925998
Rhyolite,6131,1,61.17460474794685
Rhyolite,6160,2,57.14525566142792
Rhyolite,6216,8,51.80865768556538
Rhyolite,6218,1,110.20745579148131
Rhyolite,6292,11,139.68838139453095
Rhyolite,6339,1,80.97280139172538
Rhyolite,6349,13,56.468770944418246
Rhyolite,6460,3,124.15935064846899
Rhyolite,6490,11,87.07991329554116
Rhyolite,6509,1,51.94827547868769
Rhyolite,6621,1,52.08969480158277
Rhyolite,6764,1,73.36665241225832
Rhyolite,6882,2,94.06373116106738
Rhyolite,6950,1,61.677352815025955
Rhyolite,7043,2,78.25435850754909
Rhyolite,7111,3,96.6219574759654
Rhyolite,7162,1,77.76731901966463
Rhyolite,7163,1,102.29781681029277
Rhyolite,7233,5,66.55971920581887
Rhyolite,7390,9,59.51835855568313
Rhyolite,7408,6,52.673833355482586
Rhyolite,7464,11,57.46410553957065
Rhyolite,7481,1,105.43457836203746
Rhyolite,7487,1,131.67569966207702
Rhyolite,7496,7,61.19579755885704
Rhyolite,7504,9,71.11335247462691
Rhyolite,7585,6,56.689992985304215
Rhyolite,7604,8,79.88624293818941
Rhyolite,7611,5,131.24677283902625
Rhyolite,7714,25,57.35153845075708
Rhyolite,7719,2,55.223519309151754
Rhyolite,7735,2,112.33650653651969
Rhyolite,7769,3,56.12608660919223
Rhyolite,7838,11,52.225595551641156
Rhyolite,7895,8,62.07786663724437
Rhyolite,7904,1,51.623196369545106
Rhyolite,8012,4,133.3925695236873
Rhyolite,8025,2,75.2782871143863
Rhyolite,8077,5,61.19143892776522
Rhyolite,8195,1,70.5000585869694
Rhyolite,8386,8,83.06795370500788
Rhyolite,8646,5,83.61890768830622
Rhyolite,8695,2,57.234386963435696
Rhyolite,8700,14,68.96487585268034
Rhyolite,8706,8,60.5956974118082
Rhyolite,8737,6,54.37215043185378
Rhyolite,8757,1,67.20768401799106
Rhyolite,8863,3,72.25172836666776
Rhyolite,8983,1,57.627781326259225
Rhyolite,9025,2,96.79421363121344
Rhyolite,9063,2,56.89656390229152
Rhyolite,9069,1,64.43720416735266
Rhyolite,9090,4,178.6968060868783
Rhyolite,9107,1,66.53383833154123
Rhyolite,9189,1,53.53545151015595
Rhyolite,9218,7,78.05962336209461
Rhyolite,9239,2,80.00063916441466
Rhyolite,9261,1,91.84941937207344
Rhyolite,9271,5,59.762431165375936
Rhyolite,9340,2,61.48065821606971
Rhyolite,9440,1,136.9862635078361
Rhyolite,9462,31,55.63013071449479
Rhyolite,9490,3,63.3140137191724
Rhyolite,9520,20,99.27547560099563
Rhyolite,9599,8,105.77757508352636
Rhyolite,9812,7,160.43116158976937
Rhyolite,9822,5,113.06143246394473
Rhyolite,9977,2,71.0078384777812
Shoshonite,10363,2,154.483134630515
Shoshonite,10416,14,78.03840229149579
Shoshonite,10663,1,74.74320796281633
Shoshonite,12926,7,67.275365551897
Shoshonite,13302,3,60.34333409595837
Shoshonite,13555,3,58.04937839462503
Shoshonite,13811,25,130.94912173137058
Shoshonite,14420,7,81.74568969810431
Shoshonite,14457,2,81.1205572316423
Shoshonite,14957,2,65.53145388232593
Shoshonite,17679,10,88.11921633846751
Shoshonite,3324,1,58.94067784545236
Shoshonite,3461,3,147.99930286374342
Shoshonite,3731,2,99.43355951633534
Shoshonite,4353,8,96.23990594173554
Shoshonite,4426,6,52.587483246080495
Shoshonite,4429,6,55.19929465895585
Shoshonite,4468,7,63.62348186225126
Shoshonite,4721,1,68.4921873961411
Shoshonite,4889,10,62.56869768673227
Shoshonite,4956,7,86.75942223094988
Shoshonite,8416,1,142.56941138985206
Shoshonite,8757,6,52.75036799498821
Shoshonite,8782,2,67.66747847677183
Shoshonite,9261,1,146.95177313867595
Shoshonite,9421,2,65.03901891535497
Tephrite,10249,1,66.31901284698766
Tephrite,11034,4,56.20458187193066
Tephrite,14292,1,88.84366867501411
Tephrite,14331,2,53.343819373360404
Tephrite,14881,4,66.05198452010316
Tephrite,15230,5,53.2204015446658
Tephrite,15351,10,66.38001548726152
Tephrite,15416,7,97.46064803509032
Tephrite,15915,4,72.67745246079718
Tephrite,1762,2,243.8010035426135
Tephrite,1789,2,52.730566252956976
Tephrite,18209,1,81.63401324253978
Tephrite,18526,5,63.99613221584977
Tephrite,18796,4,74.98752125679341
Tephrite,22482,12,274.753355054032
Tephrite,23182,1,64.57099409764868
Tephrite,2871,2,137.466551627325
Tephrite,5009,1,98.34225749331345
Tephrite,7501,1,136.6650571352557
Tephrite,8177,2,65.1169504007708
Tephrite,8396,3,84.9600316479194
Tephrite,8416,1,170.21402714454877
Tephrite,8530,1,66.71816361675018
Tephrite,8857,7,92.31928151225654
Tephrite,9105,3,88.46639781602221
Tephrite,9261,4,233.74778412620532
Tephrite,9314,5,63.082471457367824
Tephrite,9315,1,159.81488304072565
Tephrite,9526,3,92.66050955653657
Trachyandesite,10043,1,68.02390845283392
Trachyandesite,10098,7,74.30371529374014
Trachyandesite,10179,1,73.47284240087437
Trachyandesite,10249,1,63.12862662504287
Trachyandesite,10467,2,96.8624812183943
Trachyandesite,10659,1,61.14822286802804
Trachyandesite,10727,7,133.28829858738519
Trachyandesite,11010,1,112.46604782456852
Trachyandesite,11185,5,106.88282813122603
Trachyandesite,11525,2,101.07045399557185
Trachyandesite,11598,5,53.878581413738
Trachyandesite,12526,3,81.43248367402009
Trachyandesite,12548,7,90.50893078291736
Trachyandesite,12580,7,51.80901874660328
Trachyandesite,12698,2,120.09198747299354
Trachyandesite,13259,7,54.029821917695266
Trachyandesite,13261,3,67.45157250015482
Trachyandesite,13329,5,58.62625428593697
Trachyandesite,13697,2,63.22189924933049
Trachyandesite,13743,1,74.4512047300912
Trachyandesite,13793,1,51.679615012667156
Trachyandesite,13990,12,61.68198730410731
Trachyandesite,14112,2,106.3922444335634
Trachyandesite,14292,1,70.31337662153544
Trachyandesite,14512,2,124.6976841268704
Trachyandesite,15152,1,53.585866446978656
Trachyandesite,15179,11,71.08592621277427
Trachyandesite,15222,5,71.81474648610455
Trachyandesite,15914,8,98.22364533794831
Trachyandesite,15924,4,113.76825077120597
Trachyandesite,16021,13,53.17473304258096
Trachyandesite,16195,2,69.29971212465992
Trachyandesite,16537,4,56.07607603933532
Trachyandesite,16706,2,121.00497141583617
Trachyandesite,17502,6,128.7058724558873
Trachyandesite,1833,3,75.9965637526383
Trachyandesite,18511,2,54.853079689133
Trachyandesite,19065,2,142.17536787246752
Trachyandesite,19302,2,65.07420621269186
Trachyandesite,19654,1,65.29731895213332
Trachyandesite,20087,2,161.724801674724
Trachyandesite,20392,3,252.18239077240625
Trachyandesite,21628,1,101.24342980538039
Trachyandesite,21714,2,51.582422162987086
Trachyandesite,22239,1,68.98642784635707
Trachyandesite,22349,4,73.20370306532297
Trachyandesite,22756,1,123.61839406336182
Trachyandesite,23458,1,67.4326459975474
Trachyandesite,23775,2,67.9879484664723
Trachyandesite,23930,10,63.694714817640914
Trachyandesite,23950,3,120.44037559328507
Trachyandesite,25701,62,149.21588100726447
Trachyandesite,26083,2,94.02430723063992
Trachyandesite,29838,1,102.97776273716524
Trachyandesite,3473,1,89.45338756031363
Trachyandesite,3500,5,72.98134523409146
Trachyandesite,3839,1,93.54693581406681
Trachyandesite,3868,10,76.17240041922989
Trachyandesite,3965,3,51.6310946214161
Trachyandesite,4082,4,75.87445774309037
Trachyandesite,4832,1,53.82803140043078
Trachyandesite,4994,1,63.12862662504287
Trachyandesite,5953,1,210.18271254151688
Trachyandesite,6162,1,185.3928905341825
Trachyandesite,6753,1,130.8759388369539
Trachyandesite,7050,1,68.55524536240074
Trachyandesite,7100,3,90.51845125119569
Trachyandesite,7266,6,60.994941542156
Trachyandesite,7389,1,166.8985168773429
Trachyandesite,7519,13,59.60206055071089
Trachyandesite,7959,12,78.80711171055776
Trachyandesite,8012,1,193.8197245078947
Trachyandesite,8157,1,54.36864659482473
Trachyandesite,8164,2,54.65645036921168
Trachyandesite,8195,1,52.898249902787754
Trachyandesite,8460,5,53.87943837889631
Trachyandesite,8467,3,142.32227669387356
Trachyandesite,8769,8,51.477654163515
Trachyandesite,8870,2,54.28596857219319
Trachyandesite,8991,1,119.25316488982628
Trachyandesite,9022,1,56.699099405647424
Trachyandesite,9261,4,129.96968947696547
Trachyandesite,9506,10,78.99895743827577
Trachyandesite,9696,1,76.12377245997416
Trachyandesite,9777,3,71.16470090993242
Trachyandesite,9859,1,55.82827660942836
Trachyandesite,9959,8,111.45906749506526
Trachyandesite,9967,1,139.7360750840767
Trachybasalt,10249,2,70.33852523769436
Trachybasalt,10315,3,67.8511081629042
Trachybasalt,10328,13,254.72513134694012
Trachybasalt,10410,1,86.14119291902489
Trachybasalt,10638,1,71.18341420474077
Trachybasalt,10683,1,66.7936631110575
Trachybasalt,10791,6,52.281099119575785
Trachybasalt,10862,7,62.92980507422646
Trachybasalt,11270,1,118.0374913376915
Trachybasalt,11836,1,53.951218938599595
Trachybasalt,11928,5,78.39629494131944
Trachybasalt,12525,3,58.17326537080622
Trachybasalt,12526,15,69.52659809612622
Trachybasalt,12580,4,64.96324069525586
Trachybasalt,12888,2,75.43952526008165
Trachybasalt,12929,1,195.68346660217796
Trachybasalt,13058,5,68.78498420830026
Trachybasalt,13219,3,59.59053858082362
Trachybasalt,13261,3,78.21258786941273
Trachybasalt,13495,1,52.42718032147429
Trachybasalt,13767,1,177.22049019611288
Trachybasalt,14112,3,112.49442189608763
Trachybasalt,14211,8,61.07953448077793
Trachybasalt,15008,3,70.53879033816153
Trachybasalt,15179,8,58.881238941213965
Trachybasalt,15222,8,52.45801378986488
Trachybasalt,15266,17,98.51958911119422
Trachybasalt,15416,3,96.00340848838844
Trachybasalt,15446,1,113.26292921009839
Trachybasalt,1833,7,93.09808720983551
Trachybasalt,1870,10,62.74453180831593
Trachybasalt,19302,4,58.43139071859222
Trachybasalt,19740,12,67.94896885463643
Trachybasalt,20126,1,123.66441545437849
Trachybasalt,20128,3,139.59162521456432
Trachybasalt,20136,1,64.18020195669425
Trachybasalt,20188,4,52.422659582628924
Trachybasalt,20563,1,74.65249081174854
Trachybasalt,21063,1,72.17194500266329
Trachybasalt,22058,4,239.9705005458196
Trachybasalt,22080,1,83.80228841115273
Trachybasalt,22239,1,75.20332091372174
Trachybasalt,22349,4,83.20633808846415
Trachybasalt,23768,1,54.870196891721754
Trachybasalt,25643,4,66.77254600069907
Trachybasalt,25701,1,170.06974498178607
Trachybasalt,26729,5,121.40567373825814
Trachybasalt,28569,1,64.85826449028296
Trachybasalt,29761,2,52.57655997680209
Trachybasalt,29832,4,58.500479015285585
Trachybasalt,3500,2,76.90569042115112
Trachybasalt,3621,2,60.64315791322214
Trachybasalt,3868,3,85.6768392234972
Trachybasalt,4994,2,70.33852523769436
Trachybasalt,5738,3,118.79892362251186
Trachybasalt,6162,2,133.570191110664
Trachybasalt,6528,8,65.1090712702261
Trachybasalt,7266,5,62.093862812982024
Trachybasalt,7519,14,83.07561212199991
Trachybasalt,7965,1,51.67916497296716
Trachybasalt,8093,3,134.60624045557526
Trachybasalt,8178,1,69.20537615948646
Trachybasalt,8437,1,84.9926450703777
Trachybasalt,8443,1,134.06320618879428
Trachybasalt,8467,6,160.7486082740324
Trachybasalt,8586,1,63.574669004830476
Trachybasalt,8604,1,132.5112638478775
Trachybasalt,8739,2,51.77093125650728
Trachybasalt,9261,6,179.6411871990461
Trachybasalt,9316,1,95.51660851942027
Trachybasalt,9400,1,105.92986689016278
Trachybasalt,9967,2,201.73022824614117
Trachyte,10041,2,113.50547720293258
Trachyte,10116,1,119.37243900043754
Trachyte,10363,2,81.15150114818516
Trachyte,10371,2,96.39458936222258
Trachyte,10791,12,90.66191448291006
Trachyte,10907,1,96.3500227485683
Trachyte,11064,1,102.04146071098499
Trachyte,11892,2,69.6175164425421
Trachyte,12002,3,56.71423523112073
Trachyte,12085,6,77.03782302089553
Trachyte,12293,3,100.71217119976461
Trachyte,12456,5,57.09908600729066
Trachyte,12495,1,97.04981409220659
Trachyte,12526,10,67.9532452544054
Trachyte,12689,1,234.9659605882602
Trachyte,12926,4,66.76930435576418
Trachyte,12929,1,138.2817135508386
Trachyte,13149,1,53.06871168577223
Trachyte,13302,7,73.32143757834945
Trachyte,13342,2,106.6801990103265
Trachyte,13367,9,72.24621397210906
Trachyte,13408,1,142.11204075240127
Trachyte,13418,1,51.85927292956919
Trachyte,13468,3,93.9144942336427
Trachyte,13555,2,55.826460976373
Trachyte,13759,12,65.29832586955571
Trachyte,13893,1,53.29061509913609
Trachyte,14014,3,63.480227835725145
Trachyte,14112,6,93.20488262786148
Trachyte,14161,4,64.80652283076655
Trachyte,14625,1,88.64227316646753
Trachyte,15179,4,51.23047987853636
Trachyte,15266,8,80.98859482869136
Trachyte,15285,3,60.29851871772957
Trachyte,15351,1,75.48899278769086
Trachyte,15416,3,92.48005967787157
Trachyte,15981,1,78.0927989688096
Trachyte,16027,1,93.4396385725669
Trachyte,16706,5,67.68980530502381
Trachyte,17502,2,90.01444442026823
Trachyte,18103,2,65.77162633215434
Trachyte,1833,3,77.65606500984917
Trachyte,18505,4,59.246870041580664
Trachyte,18543,2,59.20333067316777
Trachyte,18961,6,108.45576520119263
Trachyte,19043,5,105.78999412674929
Trachyte,19065,8,164.12107861660144
Trachyte,19302,5,56.359416250285435
Trachyte,1978,6,75.66874737645662
Trachyte,20126,1,81.44240332897958
Trachyte,20135,3,53.1468927889501
Trachyte,20847,1,55.33968959166948
Trachyte,21024,1,196.8013882835615
Trachyte,22239,1,72.21608566745562
Trachyte,22318,1,55.986851241341945
Trachyte,22922,12,57.265531256663834
Trachyte,23148,1,85.9533842443576
Trachyte,23458,2,54.921299053447854
Trachyte,23759,1,65.5037013404947
Trachyte,23842,1,60.746992960311324
Trachyte,24136,3,52.497878484291306
Trachyte,24870,1,55.66078636890609
Trachyte,2685,1,109.46258620826177
Trachyte,29837,4,110.41075465069218
Trachyte,3002,1,88.99201832782452
Trachyte,3071,2,122.92771764469796
Trachyte,3839,2,132.4221513263547
Trachyte,4082,3,56.59790853951505
Trachyte,4721,1,75.42979268255162
Trachyte,4932,8,106.09836634756523
Trachyte,5739,2,76.34746270444265
Trachyte,5834,4,80.60883399988961
Trachyte,6020,1,79.61253526320182
Trachyte,6312,3,54.15179089447477
Trachyte,6768,12,75.94659269459534
Trachyte,7519,9,55.78270484739006
Trachyte,7585,4,51.42666634598393
Trachyte,7604,3,80.2087266935505
Trachyte,7674,2,103.28301180854457
Trachyte,8093,2,55.72763031697963
Trachyte,8164,6,114.69640894369374
Trachyte,8166,9,170.28311816310617
Trachyte,8250,2,147.84303116514988
Trachyte,8268,9,146.40927827917432
Trachyte,8368,2,54.668630249546574
Trachyte,8443,2,104.67647125942904
Trachyte,8467,1,112.91907268587549
Trachyte,8604,5,74.01747871786642
Trachyte,8848,5,198.3314595973163
Trachyte,9105,2,68.01492320238417
Trachyte,9239,6,83.54606111487357
Trachyte,9261,1,123.0393108713925
Trachyte,9309,22,71.8149140729133
Trachyte,9340,3,78.08345355124467
Trachyte,9400,2,74.30877024751364
Trachyte,9490,8,52.9769217051613
Trachyte,9506,4,65.50885872055173
Trachyte,9599,2,101.698712705005
